{"cameraMode":{"drawMode":0,"name":"Shaded","section":"Shading Mode"},"sceneLighting":true,"audioPlay":false,"sceneViewState":{"m_AlwaysRefresh":false,"showFog":true,"showSkybox":true,"showFlares":true,"showImageEffects":true,"showParticleSystems":true,"showVisualEffectGraphs":true,"m_FxEnabled":true},"in2DMode":false,"pivot":{"x":4.196828842163086,"y":-93.69806671142578,"z":1.2421131134033204},"rotation":{"x":0.6962165236473084,"y":0.0002119127311743796,"z":-0.00020502539700828493,"w":0.7178358435630798},"size":76.73941040039063,"orthographic":false}